{"cameraMode":{"drawMode":0,"name":"Shaded","section":"Shading Mode"},"sceneLighting":true,"audioPlay":false,"sceneViewState":{"showFog":true,"showMaterialUpdate":false,"showSkybox":true,"showFlares":true,"showImageEffects":true,"showParticleSystems":true},"in2DMode":false,"pivot":{"x":20.670120239257814,"y":-4.848728179931641,"z":12.85474967956543},"rotation":{"x":0.35073044896125796,"y":0.49787279963493349,"z":-0.23004281520843507,"w":0.7590915560722351},"size":21.50311279296875,"orthographic":false}